Name,Business_ID,Latitude,Longitude,LatLong,Address,Rating,Review_count,Price,ZIP,Pickup,Delivery,Restaurant_Reservation
Bottega,QueFVMcMlT-6aZFv2M47mg,37.75472,-122.4212,"37.75472,-122.4212","1132 Valencia St, San Francisco, CA 94158",4.3,1210,$$,94158,True,True,False
Fog Harbor Fish House,f-m7-hyFzkf0HSEeQ2s-9A,37.80867300000001,-122.409821,"37.80867300000001,-122.409821","39 Pier, San Francisco, CA 94133",4.4,10964,$$,94133,False,False,True
Bettola,oK6DQM2ztdNwMAyJqGWZpg,37.78284,-122.463137,"37.78284,-122.463137","343 Clement St, San Francisco, CA 94118",4.4,40,N/A,94118,False,False,False
Marufuku Ramen,HHtpR0RslupSQ99GIIwW5A,37.78522,-122.43157,"37.78522,-122.43157","1581 Webster St, Ste 235, San Francisco, CA 94115",4.5,5281,$$,94115,True,True,False
Sotto Mare,8dUaybEPHsZMgr1iKgqgMQ,37.79979,-122.40834,"37.79979,-122.40834","552 Green St, San Francisco, CA 94133",4.3,5478,$$,94133,True,True,False
Dalida,0T1Kc6tUWaG3cPnyiD40Hw,37.800046977658894,-122.45958044459428,"37.800046977658894,-122.45958044459428","101 Montgomery St, Ste 100, San Francisco, CA 94129",4.5,318,$$$,94129,False,False,False
Beit Rima,d5752S_RDb26HxoL6O06eQ,37.765956,-122.449679,"37.765956,-122.449679","86 Carl St, San Francisco, CA 94117",4.4,376,$$,94117,False,False,False
La Sarrasine,qcTW3btfGVVnQQ3DG3KwdQ,37.775244759082085,-122.4380604766232,"37.775244759082085,-122.4380604766232","607 Divisadero St, San Francisco, CA 94117",4.7,100,$$,94117,True,True,False
Bodega,uUifmxOmL8ClHXyRVsmD3Q,37.784837858877935,-122.4093022,"37.784837858877935,-122.4093022","138 Mason St, San Francisco, CA 94102",4.4,651,N/A,94102,False,False,False
The Hungry Spot,keeuVo1Rgp2_5QN3t1REMQ,37.773205,-122.450644,"37.773205,-122.450644","2077 Hayes St, San Francisco, CA 94117",4.9,36,$$,94117,True,True,True
Savor,6YuJE0vjUpIzYckRMnzy0g,37.764084,-122.46228,"37.764084,-122.46228","401 Irving St, San Francisco, CA 94122",4.7,238,$$,94122,True,True,True
Daeho Kalbijjim & Beef Soup,dY0Mc_PHH6nLENvWmVtwxQ,37.78601,-122.42858,"37.78601,-122.42858","1620 Post St, San Francisco, CA 94115",4.5,2126,$$$,94115,True,True,True
Minnie Bell's Soul Movement,HEzzsy7TJXbz8ckn6g2Jdg,37.782061,-122.4327,"37.782061,-122.4327","1375 Fillmore St, San Francisco, CA 94115",4.6,58,N/A,94115,False,False,False
Beit Rima,BjlVE7tTp1UCEttgkM1Big,37.76872324000296,-122.42928109103332,"37.76872324000296,-122.42928109103332","138 Church St, San Francisco, CA 94114",4.5,833,$$,94114,True,True,False
Memento SF,1FSl22I7HM6rJyKC9l4yIw,37.751066336195144,-122.4337981,"37.751066336195144,-122.4337981","1305 Castro St, San Francisco, CA 94114",4.8,72,N/A,94114,False,False,False
The Laundromat,SUdC4LIL3huirbbBkHrhfw,37.77542873995666,-122.49884228441336,"37.77542873995666,-122.49884228441336","3725 Balboa St, San Francisco, CA 94121",4.5,375,$$,94121,False,False,False
Movida,HqTJ1kG1e-HHv3Bx5jHbjA,37.78249,-122.39266,"37.78249,-122.39266","555 2nd St, San Francisco, CA 94107",4.3,196,N/A,94107,False,False,False
Kothai Republic,s2R3RUJ09eBFvHVIUS4Shg,37.762389,-122.466065,"37.762389,-122.466065","1398 9th Ave, San Francisco, CA 94122",4.6,319,N/A,94122,True,True,False
Fermentation Lab,kLxPWEH56lLeXoNFJyS8HA,37.78575,-122.4301,"37.78575,-122.4301","1700A Post St, San Francisco, CA 94115",4.5,117,$$,94115,False,False,False
Wooden Spoon,UYNswbdsQ5OvwnyY9esxCw,37.7666182758937,-122.430262778253,"37.7666182758937,-122.430262778253","2172 Market St, San Francisco, CA 94114",4.4,745,$$,94114,False,True,False
Sunset29 BBQ,L3uofdExs33e1UtiQ_leeg,37.74460699178949,-122.48616693946488,"37.74460699178949,-122.48616693946488","San Francisco , CA 94116",5.0,60,N/A,94116,False,False,False
Caliente Bistro Kitchen,Oz7Uch-u5Qf7i5BlriLhTg,37.78101,-122.47126,"37.78101,-122.47126","4828 Geary Blvd, San Francisco, CA 94118",4.8,306,$$,94118,True,True,False
Kitchen Story,XQLmEdXoMzOpffwoFaBtaQ,37.764290777795395,-122.43072410226956,"37.764290777795395,-122.43072410226956","3499 16th St, San Francisco, CA 94114",4.1,4191,$$,94114,True,False,True
Cha Cha Cha,kOYj2sGMZnyC1lU-_Uw5fA,37.769266067639215,-122.45205007340454,"37.769266067639215,-122.45205007340454","1801 Haight St, San Francisco, CA 94117",3.9,3523,$$,94117,True,True,False
Katsuo + Kombu,ROc853t9IUOUfCld-2Kx8w,37.77480087023776,-122.43798509114356,"37.77480087023776,-122.43798509114356","559 Divisadero St, San Francisco, CA 94117",4.4,205,$$,94117,False,False,False
Blind Butcher,ZSzXw0NgJTyOzcHwKY5eMA,37.76116,-122.43414,"37.76116,-122.43414","4058 18th St, San Francisco, CA 94114",4.0,406,$$,94114,False,True,False
Nopa,ttarnopezxmp2ROB1N2PaA,37.77502915705348,-122.43761001966246,"37.77502915705348,-122.43761001966246","560 Divisadero St, San Francisco, CA 94117",4.2,5570,$$$,94117,True,False,False
The Snug,_hOVIgjVRl_HzvLaa65KJg,37.79094,-122.43443,"37.79094,-122.43443","2301 Fillmore St, San Francisco, CA 94115",4.0,455,$$,94115,False,True,False
Pearl,sfqkkqFmmYGOT0PCbbD9ZQ,37.7838344,-122.4830463,"37.7838344,-122.4830463","6101 California St, San Francisco, CA 94121",4.4,514,$$$,94121,False,True,False
little shucker,U7xNnqW_rXeo7G58JXr4uA,37.788292,-122.433458,"37.788292,-122.433458","2016 Fillmore St, San Francisco, CA 94115",4.4,219,N/A,94115,False,False,False
Horsefeather,lUUQi1b2rV3glIn4t2I1Iw,37.774507,-122.437427,"37.774507,-122.437427","528 Divisadero St, San Francisco, CA 94117",4.0,632,$$,94117,True,True,False
The Tailor's Son,MaaySW1ejpwQCkr9jn1glA,37.788589,-122.434054,"37.788589,-122.434054","2049 Fillmore St, San Francisco, CA 94115",4.1,563,$$,94115,False,False,False
Ben Thai Cafe,tZmiZw49SNRVzF6h1Jfx9g,37.78924,-122.42065,"37.78924,-122.42065","1331 Polk St, San Francisco, CA 94109",4.4,1125,$$,94109,True,True,True
Dumpling Story,x0CorPaOx_2o-Pkwqy-B3Q,37.7893075,-122.43380556906494,"37.7893075,-122.43380556906494","2114 Fillmore St, San Francisco, CA 94115",4.5,291,$$,94115,False,False,False
Bocconcino,zREcSPXvizDj-79lSw1MSQ,37.79982,-122.40783,"37.79982,-122.40783","516 Green St, San Francisco, CA 94133",4.6,130,N/A,94133,False,False,False
Tacos El Tucan,FbLIxBVJAxAZPgKJsAuVSA,37.76439,-122.4334,"37.76439,-122.4334","3600 16th St, San Francisco, CA 94114",4.3,68,N/A,94114,False,False,False
Go Duck Yourself,4qD37c7VaBLpdSPBTcNQbg,37.73930985915218,-122.41706130387524,"37.73930985915218,-122.41706130387524","439 Cortland Ave, San Francisco, CA 94110",4.3,69,N/A,94110,True,True,False
Little Aloha,3o02eHV5vgN2lMY7OkgKHw,37.74278,-122.47815,"37.74278,-122.47815","1115 Taraval St, San Francisco, CA 94116",4.5,54,$$,94116,False,False,False
Limoncello,2hGIxgprREdBieylltWaRQ,37.7873184067081,-122.423591369312,"37.7873184067081,-122.423591369312","1400 Sutter St, San Francisco, CA 94109",4.8,1788,$$,94109,True,True,False
Sisterita,THpTY0X_xwRzUL7wYD6dDg,37.793966,-122.404206,"37.793966,-122.404206","669 Commercial St, San Francisco, CA 94111",4.6,609,$$,94111,True,True,False
Ganji,9adGsRBQkVSqq4digmh6sw,37.786192,-122.429731,"37.786192,-122.429731","1740 Buchanan St, San Francisco, CA 94115",4.7,144,$$,94115,False,False,True
Curry Hyuga,pjVvnY9pt5SFLA9OyBSRzA,37.771239,-122.423775,"37.771239,-122.423775","1819 Market St, San Francisco, CA 94103",4.6,126,$$,94103,True,True,False
Fable,reXWH9Wo0ZTOuQsTMNOSxg,37.759958,-122.435089,"37.759958,-122.435089","558 Castro St, San Francisco, CA 94114",4.1,899,$$,94114,True,True,False
Burma Superstar,eYXwVR4mMAjzkJnm5wneHQ,37.782787322998,-122.462539672852,"37.782787322998,-122.462539672852","309 Clement St, San Francisco, CA 94118",4.2,7691,$$,94118,True,True,False
Lokma,E2Ri3Uudb3ogKfWBJIIhRw,37.78215,-122.47867,"37.78215,-122.47867","1801 Clement St, San Francisco, CA 94121",4.6,858,$$,94121,True,True,False
Mariposas,9R69QGOfgRlK-t7xczgzyw,37.78386,-122.40483,"37.78386,-122.40483","825 Mission St, San Francisco, CA 94103",4.5,89,N/A,94103,True,True,True
Elena's Mexican Restaurant,Ih7DWOErYaIv6ZXzsHIiEw,37.738345,-122.468176,"37.738345,-122.468176","255 W Portal Ave, San Francisco, CA 94127",4.0,364,N/A,94127,False,False,False
Farmhouse Kitchen Thai Cuisine,8kck3-K4zYKTJbJko0JlXQ,37.760192883932795,-122.4114188698492,"37.760192883932795,-122.4114188698492","710 Florida St, San Francisco, CA 94110",4.1,3891,$$,94110,True,True,True
Starbelly,J7_-faNq_Ag9qTOlDn81Pw,37.76408650404102,-122.4325853855326,"37.76408650404102,-122.4325853855326","3583 16th St, San Francisco, CA 94114",3.8,2370,$$,94114,True,True,False
Santeria,qfRZjzNqO3fRgEGqvGNY-A,37.764836,-122.431808,"37.764836,-122.431808","2251 Market St, San Francisco, CA 94114",4.4,347,$$,94114,False,False,True
The Italian Homemade Company,K9XVDlPNhrrSVEJN7uWqJQ,37.801752,-122.411851,"37.801752,-122.411851","716 Columbus Ave, San Francisco, CA 94133",4.3,2010,$$,94133,True,True,False
Birdsong,XVPiXV_TPivnr9szB5kc-A,37.7793175,-122.4105235,"37.7793175,-122.4105235","1085 Mission St, San Francisco, CA 94103",4.4,444,$$$$,94103,False,False,False
Andina,5PqhrqNWgqDCI1OcBRRK1A,37.77637,-122.42155,"37.77637,-122.42155","205 Franklin St, San Francisco, CA 94102",4.8,42,N/A,94102,False,False,False
Gao Viet Kitchen & Bar,6Pbhkpqz-4ZNS_60lHvqjA,37.76373,-122.478392,"37.76373,-122.478392","1900 Irving St, San Francisco, CA 94122",4.3,620,$$$,94122,True,True,False
Sandy's,CQVKVFsloVhvZw-_O1nXPA,37.769875829479275,-122.44630091984536,"37.769875829479275,-122.44630091984536","1457 Haight St, San Francisco, CA 94117",4.5,188,$$,94117,True,True,False
Abrazo,zkVm2lMNdKWfbE4Uo1tMeA,37.7994,-122.41888,"37.7994,-122.41888","2000 Hyde St, San Francisco, CA 94109",4.5,212,$$$,94109,False,True,True
Secret Garden,cIcn4ZvsO7cHro8I_AfVZA,37.76317,-122.41539,"37.76317,-122.41539","2128 Folsom St, San Francisco, CA 94110",4.4,10,N/A,94110,False,False,False
Seven Hills,dTWMVRcMVC4zynbFQC7A2A,37.7981712,-122.4186984,"37.7981712,-122.4186984","1896 Hyde St, San Francisco, CA 94109",4.5,1412,$$$,94109,False,False,False
ILCHA,0lMmP2cPqVNi0EvlKIct_g,37.79948,-122.43681,"37.79948,-122.43681","2151 Lombard St, San Francisco, CA 94123",4.4,329,$$$,94123,False,False,False
The Italian Homemade Company,FRpULkKmvD9caSKabQzq5w,37.79742,-122.43097,"37.79742,-122.43097","1919 Union St, San Francisco, CA 94123",4.3,1272,$$,94123,True,True,False
Marcella's Lasagneria,F7UZBVdp69mTI_1M7stq2Q,37.7580376,-122.3890908,"37.7580376,-122.3890908","1099 Tennessee St, San Francisco, CA 94107",4.6,560,$$,94107,True,False,False
Cote Ouest Bistro,RIQUwLeZGXaYXs95igbL3g,37.798332,-122.446101,"37.798332,-122.446101","2953 Baker St, San Francisco, CA 94123",4.7,244,N/A,94123,False,False,False
Roma Antica,B09WOy0W83Od-Xw4xEXxog,37.79989,-122.4408,"37.79989,-122.4408","3242 Scott St, San Francisco, CA 94123",4.5,1572,$$,94123,True,True,False
Otra,D26qBnudK_1pdo6AlvMlvQ,37.771842,-122.433369,"37.771842,-122.433369","682 Haight St, San Francisco, CA 94117",4.4,187,N/A,94117,False,False,False
Frances,dMlsQsPU8Y_oiPYC5hHi2A,37.762866,-122.432244,"37.762866,-122.432244","3870 17th St, San Francisco, CA 94114",4.3,1592,$$$,94114,True,False,False
Beretta Divisadero,x2djtavZIsv84ZKnz_vRMA,37.775757,-122.438301,"37.775757,-122.438301","661 Divisadero St, San Francisco, CA 94117",4.2,534,$$,94117,False,False,True
Nepa  Indian Cuisine,y1RfTh6psoa_Ps9yjZqL2Q,37.774382,-122.437986,"37.774382,-122.437986","507 Divisadero St, San Francisco, CA 94117",4.9,152,$$,94117,True,True,True
Kiss My Seoul,VaEpEGJd5qmtpEjzGedXWw,37.7750678,-122.4031672,"37.7750678,-122.4031672","15 Boardman Pl, San Francisco, CA 94103",4.8,91,$$,94103,False,False,False
Lavash,MnGeqFYFTsWjdWSvMyPO0w,37.76406989831434,-122.46342441895987,"37.76406989831434,-122.46342441895987","511 Irving St, San Francisco, CA 94122",4.2,1729,$$$,94122,True,True,False
Cafe Okawari,Jpxv-URBpIvcu0mE5B6S3g,37.77826,-122.39388,"37.77826,-122.39388","236 Townsend St, San Francisco, CA 94107",4.5,434,$$,94107,True,True,False
San Ho Won,kvFI8S8XuE0793DBR0wSbg,37.75961276313876,-122.4102472,"37.75961276313876,-122.4102472","2170 Bryant St, San Francisco, CA 94110",4.6,656,$$$$,94110,False,False,False
Bansang,_AJd_AyHNYLNiifvLhEDNg,37.78406,-122.43256,"37.78406,-122.43256","1560 Fillmore St, San Francisco, CA 94115",4.2,474,N/A,94115,False,False,False
Oodle Yunnan Rice Noodle,dJv1oV2y0Vzc0-Nk9Rs63w,37.77600463025901,-122.49563498834335,"37.77600463025901,-122.49563498834335","3420 Balboa St, San Francisco, CA 94121",4.6,183,$$,94121,True,True,False
M Pot,_KIH-PSiT6lyX2MnFcS3NA,37.78291543753223,-122.4682742,"37.78291543753223,-122.4682742","832 Clement St, San Francisco, CA 94118",4.8,33,$$,94118,False,False,False
C.Q. Noodles,EQpVnmoC_itgVQaaAYKNtg,37.78219994794561,-122.48209291576292,"37.78219994794561,-122.48209291576292","2121 Clement St, San Francisco, CA 94121",4.4,216,$$,94121,True,True,True
Hardwood Bar & Smokery,pLBEfh2qKNa_9Z9V84XPRw,37.77047,-122.40472,"37.77047,-122.40472","680 8th St, Ste 170, San Francisco, CA 94103",4.1,206,$$,94103,True,True,False
Hog Island Oyster,Xg-FyjVKAN70LO4u4Z1ozg,37.7947758,-122.3921851,"37.7947758,-122.3921851","1 Ferry Bldg, Ste 11, San Francisco, CA 94111",4.4,7289,$$,94111,True,False,False
Dumpling Home,kvrQecqdGvnuVICMstZJmA,37.775830550017254,-122.4226361,"37.775830550017254,-122.4226361","298 Gough St, San Francisco, CA 94102",4.5,1671,$$,94102,True,True,False
Todo El Dia,Xw2MYma2rl05i7udCHFmEQ,37.75130269094932,-122.433258,"37.75130269094932,-122.433258","4063 24th St, San Francisco, CA 94114",4.4,26,$$,94114,False,False,False
Lapisara Eatery,0mNzmmh1mrdh5Cpg2QUBiw,37.78785129168795,-122.41323060347364,"37.78785129168795,-122.41323060347364","698 Post St, San Francisco, CA 94109",4.6,1710,$$,94109,True,True,True
Coqueta,xv8dq_jBNfQkHeX2wJGlAg,37.798588,-122.396639,"37.798588,-122.396639","The Embarcadero, Pier 5, San Francisco, CA 94111",4.0,2630,$$$,94111,True,True,False
The Rustic,o4V-TCAgB6_WQfRGvpBM3Q,37.76718,-122.42873,"37.76718,-122.42873","215 Church St, San Francisco, CA 94114",4.7,122,$$$,94114,True,True,False
NONO,VM2S8wKPz9zNnH0e1PKNDA,37.78569,-122.43294,"37.78569,-122.43294","1730 Fillmore St, San Francisco, CA 94115",4.3,178,N/A,94115,False,False,False
Pasta Panino,GUMD4UYvQ01RLcvQP74A-g,37.761014,-122.435911,"37.761014,-122.435911","4150 18th St, San Francisco, CA 94114",4.5,109,$$,94114,True,True,False
SHOWA Le Gourmet Tonkatsu,8ZVt-g6OROC5Mh_cPWsOqw,37.772539,-122.416598,"37.772539,-122.416598","1550 Howard St, San Francisco, CA 94103",5.0,30,N/A,94103,False,False,False
Rasa Rasa Kitchen,mPsrI_pV0EQ4IfvbsLQ0Fg,37.75905786317478,-122.41007113900255,"37.75905786317478,-122.41007113900255","2200 Bryant St, San Francisco, CA 94110",4.3,65,N/A,94110,False,False,False
Niku Steakhouse,RYQBuRLmBs1K1zTOAHPoQQ,37.769675768063806,-122.40351925075042,"37.769675768063806,-122.40351925075042","61 Division St, San Francisco, CA 94103",4.4,781,$$$$,94103,False,True,False
Fish In The Box,A_2m0mcKEqOJ1XsqUbzUIg,37.77384,-122.44583,"37.77384,-122.44583","800 Masonic Ave, San Francisco, CA 94117",4.6,363,$$,94117,True,True,False
Khao Tiew,lz7EgaxedlmKRq9hrFkulA,37.741091,-122.465071,"37.741091,-122.465071","272 Claremont Blvd, San Francisco, CA 94127",4.5,145,N/A,94127,False,False,True
Chez Maman West,9hUYiiyPe0QOu8Oezq_yqQ,37.776988,-122.423164,"37.776988,-122.423164","401 Gough St, San Francisco, CA 94102",4.1,1616,$$,94102,True,True,False
Sweet Maple,-DrR38H1Abk0wCyu9XOLug,37.78567,-122.435087,"37.78567,-122.435087","2101 Sutter St, San Francisco, CA 94115",4.3,4920,$$,94115,True,True,False
Lily,AtFGQccBpgEZzsy9V1330Q,37.782815,-122.461671,"37.782815,-122.461671","225 Clement St, San Francisco, CA 94118",4.3,494,N/A,94118,True,True,False
Mamahuhu,8MmM55oRyNsPX6J01NsDkA,37.7513197,-122.4315852,"37.7513197,-122.4315852","3991 24th St, San Francisco, CA 94114",4.0,128,N/A,94114,False,False,False
Hokkaido Sashimi Marketplace,hO2x86JyxqHYpRKkUpfNyQ,37.78025038749841,-122.4777186852402,"37.78025038749841,-122.4777186852402","5423 Geary Blvd, San Francisco, CA 94121",4.4,84,N/A,94121,False,False,False
Yakitori Edomasa,9w8ghr8PrAyMj75fEOsElA,37.78522,-122.43157,"37.78522,-122.43157","1581 Webster St, Ste 270, San Francisco, CA 94115",4.1,186,$$$,94115,True,True,True
Heritage Restaurant & Bar,J9UxQxX91mgYF7c2HqRAsA,37.78305,-122.46684,"37.78305,-122.46684","708 Clement St, San Francisco, CA 94118",4.3,291,$$,94118,False,True,False
opa cafe,OVLexCW4wdYDUc_Oc4NfVw,37.783969,-122.441505,"37.783969,-122.441505","2401 Post St, San Francisco, CA 94115",4.6,585,$$,94115,True,True,False
Kokkari Estiatorio,PsY5DMHxa5iNX_nX0T-qPA,37.796996,-122.399661,"37.796996,-122.399661","200 Jackson St, San Francisco, CA 94111",4.4,5319,$$$,94111,True,True,False
Al Carajo,rMzKsf_NTPaPNwdnueMxdg,37.75558552264688,-122.41941679531013,"37.75558552264688,-122.41941679531013","3224 1/2 22nd St, San Francisco, CA 94110",4.8,203,$$,94110,True,True,False
Komeya No Bento,0JBX5bhvJZhmV2Mv0-bBmg,37.80007,-122.43134,"37.80007,-122.43134","3137 Laguna St, San Francisco, CA 94123",4.6,274,$$,94123,False,False,False
Surisan,i09UMzccKgyLwGYKDVP28w,37.80678,-122.41756,"37.80678,-122.41756","505 Beach St, San Francisco, CA 94133",4.3,3704,$$,94133,True,True,True
Rise Over Run,9AeBzGI0OOXfM4StDpwwGQ,37.783213,-122.409648,"37.783213,-122.409648","33 Turk St, San Francisco, CA 94102",4.1,156,N/A,94102,False,False,False
Um Ma,9Z9EETl8fZIP4s9KOHr5kg,37.765498241972274,-122.4661957,"37.765498241972274,-122.4661957","1220 9th Ave, San Francisco, CA 94122",3.8,796,$$,94122,True,True,False
New Burma,TJZLyTUqtwgsXS439U641w,37.77039,-122.40269,"37.77039,-122.40269","659 Townsend St, San Francisco, CA 94107",4.5,129,$$,94107,True,True,False
606,RjPKqHk_FiegJVCekbJ4Mw,37.79798,-122.40721,"37.79798,-122.40721","606 Broadway, San Francisco, CA 94133",4.7,176,N/A,94133,True,True,True
The Sarap Shop,N5DR-AroqViRtlrdb_FrzQ,37.78039,-122.39781,"37.78039,-122.39781","171 Stillman St, San Francisco, CA 94107",5.0,7,N/A,94107,False,False,False
Mersea Restaurant & Bar,xAALy_s3a1dT6K09vSrAGQ,37.820673,-122.3750203,"37.820673,-122.3750203","699 Ave Of The Palms, San Francisco, CA 94130",4.6,1299,$$,94130,False,False,False
Dumpling Kitchen,q7PEtlrwVwHrQv0M6Mzwvw,37.7601664062955,-122.4351906,"37.7601664062955,-122.4351906","544 Castro St, San Francisco, CA 94114",4.3,137,$$,94114,True,True,False
Ushi Taro Ramen,SO7w-fN6uIBUEzkakrcxoQ,37.7625462134757,-122.466102987528,"37.7625462134757,-122.466102987528","1382 9th Ave, San Francisco, CA 94122",4.3,621,$$,94122,True,True,False
Piccino Restaurant,i2VhtC1JkV_sZOA4urd1ng,37.75758695921704,-122.38996334651848,"37.75758695921704,-122.38996334651848","1001 Minnesota St, San Francisco, CA 94107",4.0,1593,$$$,94107,False,True,False
Chez Maman East,UTVDbZv-qiHU06sDkoel3g,37.762463,-122.396712,"37.762463,-122.396712","1401 18th St, San Francisco, CA 94107",4.4,2473,$$,94107,True,True,False
Bella Trattoria,msT3LrLB4fhN04HYHuFsew,37.78136,-122.46092107729817,"37.78136,-122.46092107729817","3854 Geary Blvd, San Francisco, CA 94118",4.3,1973,$$,94118,True,True,False
Pinsa Rossa,E_W8aGdYm8hnfy1WuGJcVQ,37.78896562756244,-122.43397533119676,"37.78896562756244,-122.43397533119676","2101 Fillmore St, San Francisco, CA 94115",4.6,138,N/A,94115,False,False,False
DACHA Kitchen & Bar,80k5mTDLv1Qc4PALrwKpoA,37.787733,-122.418205,"37.787733,-122.418205","1085 Sutter St, San Francisco, CA 94109",4.9,81,N/A,94109,False,False,False
Brenda's French Soul Food,lJAGnYzku5zSaLnQ_T6_GQ,37.78291531984934,-122.4188995000186,"37.78291531984934,-122.4188995000186","652 Polk St, San Francisco, CA 94102",4.2,12406,$$,94102,True,False,False
Mezze and Mooore,6Ua1XlsCWR9eBXBLOM-kMw,37.76815246219715,-122.424627,"37.76815246219715,-122.424627","198 Guerrero St, San Francisco, CA 94103",4.7,220,$$,94103,True,True,False
Cotogna,HVJdo4f_6MxkM_1aCAK3NA,37.7975,-122.40336,"37.7975,-122.40336","490 Pacific Ave, San Francisco, CA 94133",4.1,2079,$$$,94133,False,True,False
Four Kings,T6krutcCsZ317NS_EGbUZQ,37.79409,-122.40506,"37.79409,-122.40506","710 Commercial St, San Francisco, CA 94108",4.4,118,N/A,94108,False,False,False
RT Rotisserie,jRbLvmBGRuNQwsZdV_LWyA,37.773141,-122.438884,"37.773141,-122.438884","302 Broderick St, San Francisco, CA 94117",4.3,191,$$,94117,False,False,False
Hu Tong Jian Bing,TA0u_BzRvFKX2T8ujW6ozA,37.7607059286985,-122.38838263971,"37.7607059286985,-122.38838263971","2291 3rd St, San Francisco, CA 94107",4.0,40,N/A,94107,False,False,False
Hulu Wa China Bistro,2aW4J6wnsJ2vgcYLRoo5og,37.762933,-122.434141,"37.762933,-122.434141","3970 17th St, San Francisco, CA 94114",4.8,36,$$,94114,True,True,False
Sorella,fW-uLr-uzr3lhZd8xxcVbQ,37.79318163953876,-122.42106940238784,"37.79318163953876,-122.42106940238784","1760 Polk St, San Francisco, CA 94109",4.3,247,$$$,94109,False,False,False
Toast N Egg,O8JrGNfAS6olEac-obIOKA,37.7636665206062,-122.47785370807917,"37.7636665206062,-122.47785370807917","1838 Irving St, San Francisco, CA 94122",4.0,221,$$,94122,False,True,False
Birba,hmxVC4sJ8-mv2_Gw38fxXg,37.77787,-122.42421,"37.77787,-122.42421","458 Grove St, San Francisco, CA 94102",4.4,201,$$,94102,False,True,False
Nopalito,055dTcfz2AOAFPed_2KjEQ,37.77343530099,-122.438993048014,"37.77343530099,-122.438993048014","306 Broderick St, San Francisco, CA 94117",3.8,2070,$$,94117,True,False,False
Woodhouse Fish,PFk6k_hEGG0n6_FAJSm9EQ,37.78742,-122.43327,"37.78742,-122.43327","1914 Fillmore St, San Francisco, CA 94115",4.1,2650,$$,94115,False,True,False
Paprika,M53h93nLRlBsoXmi19jCBQ,37.752362,-122.419099,"37.752362,-122.419099","3324 24th St, San Francisco, CA 94110",4.4,456,$$,94110,True,True,True
Sikdang Woori,WYPTIId3GSr-TZuuIsSEYw,37.783566,-122.432434,"37.783566,-122.432434","1506 Fillmore St, San Francisco, CA 94115",4.5,64,N/A,94115,False,False,False
The Parthenon,yyxm5EW2ZYws27_TdutOJQ,37.78927924982757,-122.4099596,"37.78927924982757,-122.4099596","582 Sutter St, San Francisco, CA 94102",5.0,18,N/A,94102,True,True,False
Bistro Ember,V4snptRiaRBAM1g_hN_gmQ,37.750215,-122.427556,"37.750215,-122.427556","1298 Church St, San Francisco, CA 94114",4.7,97,N/A,94114,False,False,False
Burma Love - Downtown,Hq5ZJEcEViFYMy3vfN8WTA,37.782909,-122.40786,"37.782909,-122.40786","8 Mint Plz, San Francisco, CA 94103",4.2,543,$$,94103,False,True,False
JIJIME,2E9O-p-lp587aOMnpLepkQ,37.7806549278456,-122.478949574806,"37.7806549278456,-122.478949574806","5524 Geary Blvd, San Francisco, CA 94121",4.3,634,$$,94121,True,True,False
Presidio Kebab,z4g4bZPR-Z8bFlwv9APl2w,37.788081,-122.446806,"37.788081,-122.446806","3277 Sacramento St, San Francisco, CA 94115",4.7,342,$$,94115,True,True,False
Taste Of Old Street,Yh4ih1s2KH07DwsAAnCULA,37.780714,-122.476806,"37.780714,-122.476806","5336 Geary Blvd, San Francisco, CA 94121",4.5,42,N/A,94121,False,False,False
Mattina,KdH4w6BAc9ckVNZpyd4xWg,37.787223387923554,-122.4341518,"37.787223387923554,-122.4341518","2232 Bush St, San Francisco, CA 94115",3.9,101,N/A,94115,False,False,False
Barcha,5D--FJXQHdC3kZWYm2GREg,37.7909966558218,-122.397482693195,"37.7909966558218,-122.397482693195","28 Fremont St, San Francisco, CA 94105",4.1,828,$$$,94105,True,True,False
Emmita's Cafe,ksp8GZtuNLzS9w-AgLjyrw,37.78465,-122.43997,"37.78465,-122.43997","1635 Divisadero St, San Francisco, CA 94115",4.6,63,$$,94115,False,False,False
Bodega,nF2XsQVUMFj-_LudpenBVg,37.80135,-122.41129,"37.80135,-122.41129","700 Columbus Ave, San Francisco, CA 94133",4.4,320,$$,94133,False,True,False
Trestle,jcFf2ZnJYL0nWCdIpqiA-g,37.79619567013229,-122.40454157055215,"37.79619567013229,-122.40454157055215","531 Jackson St, San Francisco, CA 94133",4.4,1219,$$$,94133,False,False,False
Zazie,gqVl3RprESEqkIPeJH0yOg,37.7652402,-122.4500965,"37.7652402,-122.4500965","941 Cole St, San Francisco, CA 94117",4.2,5335,$$,94117,True,False,True
Manna,tr15WgMHIC_W2gqBpuk3-A,37.76389,-122.46725,"37.76389,-122.46725","845 Irving St, San Francisco, CA 94122",4.2,1493,$$,94122,False,True,False
Dabao Singapore,XFUQWh46_gISC4jMHlCNmw,37.750911,-122.388126,"37.750911,-122.388126","1661 Tennessee St, Ste 2k, San Francisco, CA 94107",4.8,87,N/A,94107,False,False,False
Hillstone,_D1Ev_zTZs5ijHkleK6C2w,37.8059931,-122.40514635275838,"37.8059931,-122.40514635275838","1800 Montgomery St, San Francisco, CA 94111",4.0,2549,$$$,94111,True,False,False
PoBoys Kitchen,8jW9a4WCnMsQSyT0x1MI8Q,37.7623025861537,-122.397311757684,"37.7623025861537,-122.397311757684","317 Connecticut St, San Francisco, CA 94107",4.6,272,$$,94107,True,True,False
The Italian Homemade Company,c9VZtF34xQBdazi8k-YIMA,37.774414,-122.420937,"37.774414,-122.420937","1 Franklin St, San Francisco, CA 94102",3.8,375,$$,94102,True,True,False
Dumpling House,XAYwAF_83becwNnSJDFkpA,37.763552,-122.432762,"37.763552,-122.432762","335 Noe St, San Francisco, CA 94114",4.3,525,$$,94114,True,True,False
California Fish Market Restaurant,oa6ZaLdQNzZHP7--gxBh2g,37.7998,-122.40832,"37.7998,-122.40832","550 Green St, San Francisco, CA 94133",4.4,706,$$,94133,True,True,True
Noodle in a Haystack,ATj-8RmOJln9UnCEuraEzw,37.78066412799114,-122.46872181182351,"37.78066412799114,-122.46872181182351","4601 Geary Blvd, San Francisco, CA 94118",4.9,81,$$$$,94118,False,False,False
Ollei,2rOfaaXmIdRf2J0Qd5oyMg,37.796378,-122.422173,"37.796378,-122.422173","2127 Polk St, San Francisco, CA 94109",4.6,224,$$,94109,True,True,False
Original Joe's,GtKxIGU6LJu14UErdNulmQ,37.80021,-122.40945,"37.80021,-122.40945","601 Union St, San Francisco, CA 94133",4.1,2225,$$$,94133,True,True,False
Mashita Galbi Jjim,-GLxXV8j8qdtJ_-pca3N5w,37.796319071428506,-122.4220672,"37.796319071428506,-122.4220672","2123 Polk St, San Francisco, CA 94109",4.8,50,N/A,94109,False,False,False
The Pawn Shop,DLjqwgeEd4BxZT7qJKvWUw,37.781102416684746,-122.40836138075936,"37.781102416684746,-122.40836138075936","993 Mission St, San Francisco, CA 94103",4.6,790,$$,94103,False,False,True
XICA,X4gvSSfrY5j4wjI7-aQ6hw,37.80294,-122.402202,"37.80294,-122.402202","1265 Battery St, San Francisco, CA 94111",4.4,133,$$,94111,False,False,False
DragonEats,Vqq-m8VvLWH2pV5BZZeRoA,37.769497,-122.450111,"37.769497,-122.450111","1671 Haight St, San Francisco, CA 94117",4.4,336,$$,94117,False,True,False
Ofena,hQdFj01ydUtIC8Sv_-z8Jg,37.731264,-122.472851,"37.731264,-122.472851","2529 Ocean Ave, San Francisco, CA 94132",4.5,137,N/A,94132,False,False,False
Kin Khao,kqk5BoCJU59MC9fH0IB4wQ,37.78524,-122.40933,"37.78524,-122.40933","55 Cyril Magnin St, San Francisco, CA 94102",3.9,2531,$$$,94102,False,True,False
Troya,o4x29HYKvEUf7Regrn-J9g,37.7893743915288,-122.434076070785,"37.7893743915288,-122.434076070785","2125 Fillmore St, San Francisco, CA 94115",4.0,782,$$,94115,True,True,False
Radhaus,cvASRMOEE1O3dTVqwFdRyA,37.806758,-122.431458,"37.806758,-122.431458","2 Marina Blvd, Bldg A, San Francisco, CA 94123",4.2,706,$$$,94123,False,True,True
Chao Pescao,uUQt3LQbJsjIrwq6iVh8AQ,37.78085,-122.41651,"37.78085,-122.41651","272 McAllister St, San Francisco, CA 94102",4.4,283,$$,94102,True,True,False
Ernest,x24zCTZhA-LiVgYMWs6Wqw,37.76317732013103,-122.41094887566511,"37.76317732013103,-122.41094887566511","1890 Bryant St, Ste 100, San Francisco, CA 94110",4.3,522,$$$,94110,False,False,False
Dynasty Dumpling ,VtXe2cPprvvz84_x9zB8kA,37.788291,-122.440186,"37.788291,-122.440186","2786 California St, San Francisco, CA 94115",4.7,167,$$,94115,True,True,True
Gyu-Kaku Japanese BBQ,c6aMZg8kxlNC5fQ49ZcBQA,37.782098,-122.403773,"37.782098,-122.403773","855 Howard St, San Francisco, CA 94103",3.9,323,$$$,94103,True,True,False
Burma Love,7tsN9N9mhfJRNTe37pLFMg,37.76961,-122.42205,"37.76961,-122.42205","211 Valencia St, San Francisco, CA 94103",4.1,1793,$$,94103,True,False,True
Saucy Asian,rCvlMbXLuZUTw5vNQzqlrQ,37.76261,-122.43094,"37.76261,-122.43094","3801 17th St, San Francisco, CA 94114",4.3,465,$$,94114,True,True,False
Hook Fish,Y3nxgEoxwFJ5miacMzYNXg,37.76237,-122.50685,"37.76237,-122.50685","4542 Irving St, San Francisco, CA 94122",4.3,1268,$$,94122,False,True,False
Miller & Lux,N2kNTSbEUkJbgME8dfhGOw,37.76819998383212,-122.38644657401773,"37.76819998383212,-122.38644657401773","700 Terry A Francois Blvd, San Francisco, CA 94158",4.2,371,$$$$,94158,False,False,False
CreoLa,LsGkxQK217twdzZzVXsSRg,37.7662642,-122.4527631,"37.7662642,-122.4527631","900 Stanyan St, San Francisco, CA 94117",4.5,249,$$,94117,True,True,False
Itria,5-IPkurqjVZIqLxrbBjExw,37.7524,-122.41779,"37.7524,-122.41779","3266 24th St, San Francisco, CA 94110",4.3,349,N/A,94110,False,False,False
Base Camp,HlDkf_7TxPLaPn882N1Nxw,37.75873,-122.41502,"37.75873,-122.41502","2400 Folsom St, San Francisco, CA 94110",4.5,342,$$,94110,True,True,False
Little Original Joe’s,bwBIIsyJxDSPHXzDPNVZ0w,37.80007651069674,-122.44131790345232,"37.80007651069674,-122.44131790345232","2301 Chestnut St, San Francisco, CA 94123",4.2,98,N/A,94123,False,False,False
Cafe de Casa,IlkvuSkI1LF5y-Q3jpWrWQ,37.76236,-122.43471,"37.76236,-122.43471","3985 17th St, San Francisco, CA 94114",4.6,220,$$,94114,True,True,False
Bay Pocha,_7_wgKc8XqxVkFZ6OoMdCg,37.73218,-122.47376,"37.73218,-122.47376","2642 Ocean Ave, San Francisco, CA 94132",4.3,181,$$,94132,True,True,True
Parada 22,TlBFKt2N2eSEBpN-UZmDBw,37.769217,-122.4521212,"37.769217,-122.4521212","1805 Haight St, San Francisco, CA 94117",4.2,1502,$$,94117,True,True,False
Scoma's Restaurant,jqEpBbf_qNfWuz_GBkwCjw,37.80894309727483,-122.41843625625316,"37.80894309727483,-122.41843625625316","1965 Al Scoma Way, San Francisco, CA 94133",4.1,4695,$$$,94133,True,True,False
MuuKaTa6395 Thai Charcoal BBQ,WrPtXi4ooNolOC4OQA-pZg,37.78069,-122.46462,"37.78069,-122.46462","4217 Geary Blvd, San Francisco, CA 94118",4.7,420,N/A,94118,False,False,False
Suppenküche,DGyoVB9PdI9_jw0CNi_OPg,37.7762603759766,-122.426391601562,"37.7762603759766,-122.426391601562","525 Laguna St, San Francisco, CA 94102",4.1,3374,$$,94102,True,True,True
Fermentation Lab,GmHNkpAaypi9jclaLI7sDQ,37.77852,-122.41561,"37.77852,-122.41561","1230 Market St, San Francisco, CA 94102",4.5,350,$$,94102,True,True,False
Four Chairs,jYSVfNGkkO9SOdYmcLot_w,37.744422,-122.420981,"37.744422,-122.420981","3282 Mission St, San Francisco, CA 94110",4.3,644,$$,94110,True,True,True
Souvla,kFgjHGp-cTUK5uPaSJOORA,37.77643,-122.425,"37.77643,-122.425","517 Hayes St, San Francisco, CA 94102",4.1,1795,$$,94102,False,True,False
Hed verythai,amyteTseYTGbk_7nd4EoDA,37.79041710774593,-122.4034643,"37.79041710774593,-122.4034643","88 Hardie Pl, San Francisco, CA 94108",4.4,351,$$,94108,False,False,False
Nara Restaurant & Sake Bar,cL0q9S4bqwpbAN9ZKh-Zeg,37.77216,-122.43086,"37.77216,-122.43086","518 Haight St, San Francisco, CA 94117",4.6,2094,$$,94117,True,True,False
Causwells,DL-2iaugPoULjvZ6pyNRAQ,37.8001342713833,-122.441983893514,"37.8001342713833,-122.441983893514","2346 Chestnut St, San Francisco, CA 94123",4.2,1090,$$,94123,False,True,False
a Mano,XhJ6ZYagcWNHpJ1H1KvNlQ,37.776963880538,-122.423868469312,"37.776963880538,-122.423868469312","450 Hayes St, San Francisco, CA 94102",4.0,1737,$$$,94102,False,True,False
Hinodeya Japantown,Fe-YjAdSRLqDC2H_pqPcSw,37.786225740983646,-122.4301213192068,"37.786225740983646,-122.4301213192068","1737 Buchanan St, San Francisco, CA 94115",4.2,2097,$$,94115,True,True,False
Ar Har Ya,3rzjZ1qaM5-UvX7ky00KNQ,37.79147715040332,-122.40439555744996,"37.79147715040332,-122.40439555744996","357 Kearny St, San Francisco, CA 94108",4.8,64,$$,94108,True,True,False
Aphotic,XZi5rsUdnXeDdhRdgsRVpw,37.781794,-122.401819,"37.781794,-122.401819","816 Folsom St, San Francisco, CA 94107",4.4,300,$$$$,94107,False,False,False
Chome,3tn9eZJhlhdSBwux440nSA,37.748728692831655,-122.42157237486626,"37.748728692831655,-122.42157237486626","3601 26th St, San Francisco, CA 94110",4.5,405,$$$,94110,False,False,False
Rooftop 25,QHEvjDuIQc7ebYpEaB_TjA,37.77851,-122.39432,"37.77851,-122.39432","25 Lusk St, San Francisco, CA 94107",3.8,289,$$,94107,False,True,True
Copra,dLkFqri9JEM3CoeMjAah6w,37.78538352838357,-122.4327894,"37.78538352838357,-122.4327894","1700 Fillmore St, San Francisco, CA 94115",4.1,529,$$$,94115,False,False,False
Wildseed,cbkbw0-QUwRZWV49JpDCWA,37.79768,-122.43245,"37.79768,-122.43245","2000 Union St, San Francisco, CA 94123",4.5,1578,$$,94123,False,True,False
High Horse,zsrBtX1mIzjEbIxiL6TTtQ,37.79573,-122.40284,"37.79573,-122.40284","582 Washington St, San Francisco, CA 94111",4.5,80,$$,94111,False,False,False
Cantina Los Mayas,H8VFFVTT0gLG70i2okdeOQ,37.77701093697556,-122.46350895613432,"37.77701093697556,-122.46350895613432","431 Balboa St, San Francisco, CA 94118",4.7,128,$$$,94118,False,False,False
LaoTable,VdxJdMX53XZYNZvZlr96HA,37.78752,-122.39872,"37.78752,-122.39872","149 2nd St, San Francisco, CA 94105",4.0,1609,$$,94105,True,True,True
Georgian Cheese Boat,aRQpHYCsgzyCMfMYgtKvog,37.7983666,-122.40710947283466,"37.7983666,-122.40710947283466","1224 Grant Ave, San Francisco, CA 94133",4.6,132,$$,94133,True,True,False
Breadbelly,w3mpnxz64nU8VwHDLz3S6g,37.78275,-122.47439,"37.78275,-122.47439","1408 Clement St, San Francisco, CA 94118",4.4,625,$$,94118,False,True,False
Rich Table,Xdx2_n3nk9Td_aSe7E5ARQ,37.77485,-122.42284,"37.77485,-122.42284","199 Gough St, San Francisco, CA 94102",4.2,1612,$$$,94102,False,True,False
Vive La Tarte,Pp7aw9Vl_TOtdUyNHrv83Q,37.75163,-122.43261,"37.75163,-122.43261","4026 24th St, San Francisco, CA 94114",4.3,149,$$,94114,True,True,False
Ungrafted,Rjnb7WKAS_TbU4ymr-8V8Q,37.7587436582161,-122.38823565181,"37.7587436582161,-122.38823565181","2419 3rd St, San Francisco, CA 94107",4.4,197,$$$,94107,False,True,False
Fisch & Flore,FodDwMs-OqkneA-OxfpZ9Q,37.76468999214913,-122.43293320000969,"37.76468999214913,-122.43293320000969","2298 Market St, San Francisco, CA 94114",4.0,41,N/A,94114,False,False,False
Kiln,dSvjxw5tLM2p_MlPbowk3g,37.775994,-122.420395,"37.775994,-122.420395","149 Fell St, San Francisco, CA 94102",4.6,74,$$$$,94102,False,False,False
Manitas Cafe,Hl3vmBUyKPFKRyZb-HAxsA,37.77351,-122.45071,"37.77351,-122.45071","2078 Hayes St, San Francisco, CA 94117",4.5,200,$$,94117,True,True,False
The Morris,KqGOvG1m5jgDL-pKGXEoNQ,37.762967,-122.40856,"37.762967,-122.40856","2501 Mariposa St, San Francisco, CA 94110",4.5,426,$$$,94110,False,True,False
Gott's Roadside,0Ix0_r15BNkXqz4DsXF9dQ,37.76854388956767,-122.3885514138246,"37.76854388956767,-122.3885514138246","151 Warriors Way, Ste 102, San Francisco, CA 94158",4.0,164,$$,94158,False,True,False
Alimentari Aurora,a_kY3Nqj2tTadVgEbyH03g,37.76243,-122.39682,"37.76243,-122.39682","1415 18th St, San Francisco, CA 94107",4.8,35,N/A,94107,False,False,False
New Thai Elephant,1QLTk6MMoKf9MsElJlmOYQ,37.80556873618561,-122.4134825,"37.80556873618561,-122.4134825","393 Bay St, San Francisco, CA 94133",4.4,433,$$,94133,True,True,False
Bay Of Burma,TQMGv8NrzpXfwes1bhkHKw,37.77571,-122.40974,"37.77571,-122.40974","1174 Folsom St, San Francisco, CA 94103",4.7,59,$$,94103,True,True,False
Damansara,ULQkfVJ6zHFWN9KQQCK0GA,37.74247463321503,-122.42631744593382,"37.74247463321503,-122.42631744593382","1781 Church St, San Francisco, CA 94131",3.8,115,$$$,94131,True,True,False
Destapas,igwR5eEzfxFkL_56cG0jOw,37.7531052,-122.4068629,"37.7531052,-122.4068629","2708 24th St, San Francisco, CA 94110",4.6,168,$$$,94110,True,True,False
Heroic Italian,sVc32Y9epCUnurrbkyOlcA,37.75977017244578,-122.43513274110454,"37.75977017244578,-122.43513274110454","572 Castro St, Swirl on Castro Wine Bar, San Francisco, CA 94114",4.5,117,N/A,94114,True,True,False
Lolinda,wEpiKz--Z2b1q_FSCCNiow,37.756697272864145,-122.4190795,"37.756697272864145,-122.4190795","2518 Mission St, San Francisco, CA 94110",4.2,2461,$$$,94110,False,True,False
YH-Beijing,w6Rqt5gdNHl18wpxGuYnaQ,37.77219859919826,-122.43062306195498,"37.77219859919826,-122.43062306195498","500 Haight St, San Francisco, CA 94117",4.4,370,$$,94117,True,True,False
ABACÁ,u2KkG0ucvooOdwgIgZPSlA,37.80673720176911,-122.41693737401872,"37.80673720176911,-122.41693737401872","2700 Jones St, San Francisco, CA 94133",4.0,672,$$$,94133,False,False,False
Lark,LjVlsV9tKGnv7e4Iyt9c5Q,37.761243,-122.434248,"37.761243,-122.434248","4068 18th St, San Francisco, CA 94114",4.1,357,$$,94114,False,True,False
Brenda's Meat & Three,UbKrcsBaZoaBkBOajEX08g,37.7781489203981,-122.438551256878,"37.7781489203981,-122.438551256878","919 Divisadero St, San Francisco, CA 94115",4.2,1569,$$,94115,False,True,False
Betty Lou's Seafood and Grill,OH3GLEJvGhbER4d3xMuPIA,37.79825,-122.407014,"37.79825,-122.407014","318 Columbus Ave, San Francisco, CA 94133",4.5,1111,$$,94133,True,True,True
TaishoSF,3dCggyxAO0pAjG8n7usR4Q,37.7864515,-122.4208732178477,"37.7864515,-122.4208732178477","1161 Post St, San Francisco, CA 94109",4.8,82,$$,94109,True,True,False
Perilla,RNy3_hU1N2qyS5PVc9RaYQ,37.76415,-122.46711,"37.76415,-122.46711","836 Irving St, San Francisco, CA 94122",4.1,1638,$$,94122,True,True,False
Pasta Supply,GNvfq8PAnxkeZNaf2CYUgA,37.75531764326802,-122.4195362,"37.75531764326802,-122.4195362","3233 22nd St, San Francisco, CA 94110",4.7,22,N/A,94110,False,False,False
Papito Hayes,Edjd2Z4Tr1XYy6yq6jMM2w,37.776635,-122.423396,"37.776635,-122.423396","425 Hayes St, Ste A, San Francisco, CA 94102",4.1,1091,$$,94102,True,True,False
Arepas En Bici,pxhNGH0mL_WHMAU4m3tB8A,37.787152,-122.416361,"37.787152,-122.416361","San Francisco, CA 94109",4.7,48,N/A,94109,False,False,False
State Bird Provisions,QZQGRJZ4bZCmNoXjs3z1XQ,37.78374,-122.433005,"37.78374,-122.433005","1529 Fillmore St, San Francisco, CA 94115",4.2,3337,$$$$,94115,False,True,False
Zona Rosa Mexican Grill,Qho1it7RMDXgDVOoaUt8kA,37.76337770000001,-122.43389504387795,"37.76337770000001,-122.43389504387795","2337 Market St, San Francisco, CA 94114",4.7,45,N/A,94114,True,True,False
Cracked & Battered - Marina,EywuPThEPY-BqhSV9UsvRg,37.80048,-122.44014,"37.80048,-122.44014","2240 Chestnut St, San Francisco, CA 94123",4.6,528,$$,94123,False,False,False
Lime Tree Southeast Asian Kitchen,sp4Axlo-ddvYpl8xUeUsVw,37.764337,-122.462736,"37.764337,-122.462736","450 Irving St, San Francisco, CA 94122",4.0,1596,$$,94122,True,False,False
Ciccino,xgvLQqpVC2SOGZ5-Q-9hWA,37.791198,-122.417596,"37.791198,-122.417596","1400 California, San Francisco, CA 94109",4.5,104,N/A,94109,False,False,False
Purple Rice,8u7pyRsCdf0DOP-Vg6MuLQ,37.771917,-122.430753,"37.771917,-122.430753","509 Haight St, San Francisco, CA 94117",4.2,298,$$,94117,True,True,False
Lime Tree Southeast Asian Kitchen,jRfeqEGCdAf8p5deEUbmXw,37.7827421185773,-122.468323160254,"37.7827421185773,-122.468323160254","836 Clement St, San Francisco, CA 94118",4.3,442,$$,94118,True,True,False
Shelby's Rooftop Lounge,6N3nfRgvfspLCRRBOxefZw,37.7823865830739,-122.40209709852932,"37.7823865830739,-122.40209709852932","250 4th St, San Francisco, CA 94103",4.2,225,$$$,94103,False,False,False
Banh Mi Crunch,g9T_Z_HPiE3QzGnAy2DZ7A,37.76424626688824,-122.4649451847314,"37.76424626688824,-122.4649451847314","646 Irving St, San Francisco, CA 94122",4.8,218,$$,94122,False,False,False
Nari,IOQE1WdjzYs4PL5YSOh6xg,37.785429928840266,-122.428277,"37.785429928840266,-122.428277","1625 Post St, San Francisco, CA 94115",4.0,505,$$$,94115,False,True,False
Tanguito,AdupguljIIejtEOnExddkQ,37.807614,-122.417203,"37.807614,-122.417203","2850 Jones St, San Francisco, CA 94133",4.3,687,$$,94133,False,True,False
JT Restaurant,oxorV9Xg8VO6a1HpNzAGnQ,37.78173066997182,-122.40756779055454,"37.78173066997182,-122.40756779055454","953 Mission St, San Francisco, CA 94103",4.5,69,$,94103,True,True,False
Teakwood,bfA09fkdKIZhkwCi0_iYGg,37.777726,-122.422991,"37.777726,-122.422991","399 Grove St, San Francisco, CA 94102",4.0,164,$$$,94102,False,False,False
Wooly Pig,Id2aVe9l5YQlHtlXnGye-Q,37.760662161462,-122.388421141818,"37.760662161462,-122.388421141818","2295 3rd St, San Francisco, CA 94107",4.5,880,$$,94107,True,True,False
Routier,cCVR9W_L2rqexfKAjfBTzQ,37.78789,-122.440595,"37.78789,-122.440595","2801 California St, San Francisco, CA 94115",4.4,191,$$$$,94115,False,False,False
Tastebuds,0tiSST3GCwTa7eqY6yTlHQ,37.77715801324,-122.46266875416,"37.77715801324,-122.46266875416","600 5th Ave, San Francisco, CA 94118",4.2,295,$$,94118,True,True,True
Freekeh,E1afEB6othmgSJZKIqeMFA,37.765098,-122.422628,"37.765098,-122.422628","3126 16th St, San Francisco, CA 94103",4.7,215,$$,94103,True,True,True
Mamahuhu,lXMdrPSUmA9HfoHosOvzbQ,37.78267,-122.46493,"37.78267,-122.46493","517 Clement St, San Francisco, CA 94118",4.0,464,$$,94118,False,True,False
Mr. Digby’s,TK-94feX2HwZz-wtIiGJJg,37.751825,-122.427164,"37.751825,-122.427164","1199 Church St, San Francisco, CA 94114",4.2,173,$$,94114,True,True,False
